{"cameraMode":{"drawMode":0,"name":"Shaded","section":"Shading Mode"},"sceneLighting":true,"audioPlay":false,"sceneViewState":{"m_AlwaysRefresh":false,"showFog":true,"showSkybox":true,"showFlares":true,"showImageEffects":true,"showParticleSystems":true,"showVisualEffectGraphs":true,"m_FxEnabled":true},"in2DMode":false,"pivot":{"x":273.5733337402344,"y":2.1429200172424318,"z":-0.28343117237091067},"rotation":{"x":-0.15455879271030427,"y":-0.5057235360145569,"z":-0.09264911711215973,"w":0.843665361404419},"size":2.3128833770751955,"orthographic":false}