{"cameraMode":{"drawMode":0,"name":"Shaded","section":"Shading Mode"},"sceneLighting":false,"audioPlay":false,"sceneViewState":{"m_AlwaysRefresh":false,"showFog":true,"showSkybox":false,"showFlares":true,"showImageEffects":true,"showParticleSystems":true,"showVisualEffectGraphs":true,"m_FxEnabled":true},"in2DMode":false,"pivot":{"x":3.299999952316284,"y":0.5400001406669617,"z":8.539999961853028},"rotation":{"x":-0.16896559298038484,"y":0.18275101482868195,"z":-0.03190026432275772,"w":-0.9680030345916748},"size":0.7128347158432007,"orthographic":false}