{"cameraMode":{"drawMode":0,"name":"Shaded","section":"Shading Mode"},"sceneLighting":true,"audioPlay":false,"sceneViewState":{"m_AlwaysRefresh":false,"showFog":true,"showSkybox":true,"showFlares":true,"showImageEffects":true,"showParticleSystems":true,"showVisualEffectGraphs":true,"m_FxEnabled":true},"in2DMode":false,"pivot":{"x":220.08819580078126,"y":-19.227846145629884,"z":-3.8390989303588869},"rotation":{"x":-0.09554676711559296,"y":-0.7508710622787476,"z":0.11142174154520035,"w":-0.6439533233642578},"size":36.29513931274414,"orthographic":false}