{"cameraMode":{"drawMode":0,"name":"Shaded","section":"Shading Mode"},"sceneLighting":true,"audioPlay":false,"sceneViewState":{"m_AlwaysRefresh":false,"showFog":true,"showSkybox":true,"showFlares":true,"showImageEffects":true,"showParticleSystems":true,"showVisualEffectGraphs":true,"m_FxEnabled":true},"in2DMode":false,"pivot":{"x":9.124653816223145,"y":1.315212368965149,"z":4.9371514320373539},"rotation":{"x":0.04038230702280998,"y":-0.8778883218765259,"z":0.07524489611387253,"w":0.4712029695510864},"size":231.77117919921876,"orthographic":false}